"filename", "language", "Protocol Buffers", "Shell Script", "C++", "CMake", "XML", "Markdown", "comment", "blank", "total"
"/home/ermis/vs_project/GcRPC/CMakeLists.txt", "CMake", 0, 0, 0, 31, 0, 0, 0, 13, 44
"/home/ermis/vs_project/GcRPC/README.md", "Markdown", 0, 0, 0, 0, 0, 35, 0, 22, 57
"/home/ermis/vs_project/GcRPC/autobuild.sh", "Shell Script", 0, 5, 0, 0, 0, 0, 0, 1, 6
"/home/ermis/vs_project/GcRPC/example/CMakeLists.txt", "CMake", 0, 0, 0, 3, 0, 0, 0, 0, 3
"/home/ermis/vs_project/GcRPC/example/callee/CMakeLists.txt", "CMake", 0, 0, 0, 4, 0, 0, 0, 3, 7
"/home/ermis/vs_project/GcRPC/example/callee/userservice.cc", "C++", 0, 0, 12, 0, 0, 0, 3, 4, 19
"/home/ermis/vs_project/GcRPC/example/caller/CMakeLists.txt", "CMake", 0, 0, 0, 3, 0, 0, 0, 0, 3
"/home/ermis/vs_project/GcRPC/example/caller/user_caller.cc", "C++", 0, 0, 18, 0, 0, 0, 0, 2, 20
"/home/ermis/vs_project/GcRPC/example/login_service.cc", "C++", 0, 0, 21, 0, 0, 0, 8, 3, 32
"/home/ermis/vs_project/GcRPC/example/login_service.h", "C++", 0, 0, 15, 0, 0, 0, 0, 2, 17
"/home/ermis/vs_project/GcRPC/example/unit_test/CMakeLists.txt", "CMake", 0, 0, 0, 8, 0, 0, 0, 2, 10
"/home/ermis/vs_project/GcRPC/example/unit_test/test_etcd_client.cc", "C++", 0, 0, 0, 0, 0, 0, 12, 3, 15
"/home/ermis/vs_project/GcRPC/example/unit_test/test_logger.cc", "C++", 0, 0, 8, 0, 0, 0, 4, 2, 14
"/home/ermis/vs_project/GcRPC/example/unit_test/test_protobuf.cc", "C++", 0, 0, 21, 0, 0, 0, 0, 4, 25
"/home/ermis/vs_project/GcRPC/example/unit_test/test_uring.cc", "C++", 0, 0, 95, 0, 0, 0, 1, 17, 113
"/home/ermis/vs_project/GcRPC/example/user.pb.cc", "C++", 0, 0, 765, 0, 0, 0, 61, 107, 933
"/home/ermis/vs_project/GcRPC/example/user.pb.h", "C++", 0, 0, 752, 0, 0, 0, 70, 119, 941
"/home/ermis/vs_project/GcRPC/include/Rpc/buffer.h", "C++", 0, 0, 35, 0, 0, 0, 51, 17, 103
"/home/ermis/vs_project/GcRPC/include/Rpc/channel.h", "C++", 0, 0, 28, 0, 0, 0, 6, 7, 41
"/home/ermis/vs_project/GcRPC/include/Rpc/connection_pool.h", "C++", 0, 0, 76, 0, 0, 0, 37, 44, 157
"/home/ermis/vs_project/GcRPC/include/Rpc/encoding.h", "C++", 0, 0, 34, 0, 0, 0, 3, 8, 45
"/home/ermis/vs_project/GcRPC/include/Rpc/etcd_client.h", "C++", 0, 0, 41, 0, 0, 0, 7, 20, 68
"/home/ermis/vs_project/GcRPC/include/Rpc/gcrpcapplication.h", "C++", 0, 0, 19, 0, 0, 0, 0, 6, 25
"/home/ermis/vs_project/GcRPC/include/Rpc/gcrpcconfig.h", "C++", 0, 0, 12, 0, 0, 0, 1, 5, 18
"/home/ermis/vs_project/GcRPC/include/Rpc/generic_rpc.pb.h", "C++", 0, 0, 300, 0, 0, 0, 32, 48, 380
"/home/ermis/vs_project/GcRPC/include/Rpc/load_balancer.h", "C++", 0, 0, 73, 0, 0, 0, 3, 11, 87
"/home/ermis/vs_project/GcRPC/include/Rpc/net_base.h", "C++", 0, 0, 57, 0, 0, 0, 17, 16, 90
"/home/ermis/vs_project/GcRPC/include/Rpc/pb_encoding.h", "C++", 0, 0, 0, 0, 0, 0, 25, 5, 30
"/home/ermis/vs_project/GcRPC/include/Rpc/rpc_caller.h", "C++", 0, 0, 42, 0, 0, 0, 10, 13, 65
"/home/ermis/vs_project/GcRPC/include/Rpc/rpc_node_info.pb.h", "C++", 0, 0, 316, 0, 0, 0, 38, 49, 403
"/home/ermis/vs_project/GcRPC/include/Rpc/rpc_protocal.h", "C++", 0, 0, 39, 0, 0, 0, 17, 15, 71
"/home/ermis/vs_project/GcRPC/include/Rpc/rpcprovider.h", "C++", 0, 0, 57, 0, 0, 0, 8, 20, 85
"/home/ermis/vs_project/GcRPC/include/Rpc/service_register.h", "C++", 0, 0, 29, 0, 0, 0, 3, 12, 44
"/home/ermis/vs_project/GcRPC/include/Rpc/service_seeker.h", "C++", 0, 0, 35, 0, 0, 0, 4, 13, 52
"/home/ermis/vs_project/GcRPC/include/data_structure/concurrentqueue.h", "C++", 0, 0, 2719, 0, 0, 0, 577, 453, 3749
"/home/ermis/vs_project/GcRPC/include/data_structure/hashheap.hpp", "C++", 0, 0, 82, 0, 0, 0, 14, 20, 116
"/home/ermis/vs_project/GcRPC/include/data_structure/lockfreequeue.h", "C++", 0, 0, 120, 0, 0, 0, 1, 13, 134
"/home/ermis/vs_project/GcRPC/include/data_structure/lru_cache.h", "C++", 0, 0, 125, 0, 0, 0, 3, 14, 142
"/home/ermis/vs_project/GcRPC/include/data_structure/rbtree.h", "C++", 0, 0, 332, 0, 0, 0, 24, 40, 396
"/home/ermis/vs_project/GcRPC/include/data_structure/skiplist.h", "C++", 0, 0, 113, 0, 0, 0, 8, 17, 138
"/home/ermis/vs_project/GcRPC/include/hipe/dynamic_threadpool.h", "C++", 0, 0, 74, 0, 0, 0, 3, 13, 90
"/home/ermis/vs_project/GcRPC/include/hipe/hipe_task.h", "C++", 0, 0, 48, 0, 0, 0, 4, 10, 62
"/home/ermis/vs_project/GcRPC/include/logger/formatter.h", "C++", 0, 0, 38, 0, 0, 0, 2, 3, 43
"/home/ermis/vs_project/GcRPC/include/logger/log_base.h", "C++", 0, 0, 50, 0, 0, 0, 3, 6, 59
"/home/ermis/vs_project/GcRPC/include/logger/logger.h", "C++", 0, 0, 39, 0, 0, 0, 0, 4, 43
"/home/ermis/vs_project/GcRPC/include/logger/registry.h", "C++", 0, 0, 15, 0, 0, 0, 0, 2, 17
"/home/ermis/vs_project/GcRPC/include/logger/sink.h", "C++", 0, 0, 27, 0, 0, 0, 2, 4, 33
"/home/ermis/vs_project/GcRPC/include/thirdParty/curl/curl.h", "C++", 0, 0, 1554, 0, 0, 0, 1220, 573, 3347
"/home/ermis/vs_project/GcRPC/include/thirdParty/curl/curlver.h", "C++", 0, 0, 13, 0, 0, 0, 58, 8, 79
"/home/ermis/vs_project/GcRPC/include/thirdParty/curl/easy.h", "C++", 0, 0, 28, 0, 0, 0, 84, 14, 126
"/home/ermis/vs_project/GcRPC/include/thirdParty/curl/header.h", "C++", 0, 0, 42, 0, 0, 0, 24, 9, 75
"/home/ermis/vs_project/GcRPC/include/thirdParty/curl/mprintf.h", "C++", 0, 0, 55, 0, 0, 0, 23, 8, 86
"/home/ermis/vs_project/GcRPC/include/thirdParty/curl/multi.h", "C++", 0, 0, 166, 0, 0, 0, 294, 66, 526
"/home/ermis/vs_project/GcRPC/include/thirdParty/curl/options.h", "C++", 0, 0, 33, 0, 0, 0, 28, 10, 71
"/home/ermis/vs_project/GcRPC/include/thirdParty/curl/stdcheaders.h", "C++", 0, 0, 8, 0, 0, 0, 23, 5, 36
"/home/ermis/vs_project/GcRPC/include/thirdParty/curl/system.h", "C++", 0, 0, 314, 0, 0, 0, 63, 32, 409
"/home/ermis/vs_project/GcRPC/include/thirdParty/curl/typecheck-gcc.h", "C++", 0, 0, 681, 0, 0, 0, 118, 69, 868
"/home/ermis/vs_project/GcRPC/include/thirdParty/curl/urlapi.h", "C++", 0, 0, 83, 0, 0, 0, 58, 15, 156
"/home/ermis/vs_project/GcRPC/include/thirdParty/curl/websockets.h", "C++", 0, 0, 33, 0, 0, 0, 42, 11, 86
"/home/ermis/vs_project/GcRPC/include/thirdParty/nlohmann/json.hpp", "C++", 0, 0, 18099, 0, 0, 0, 4516, 3063, 25678
"/home/ermis/vs_project/GcRPC/md_resource/事件循环.svg", "XML", 0, 0, 0, 0, 3, 0, 0, 0, 3
"/home/ermis/vs_project/GcRPC/protos/generic_rpc.proto", "Protocol Buffers", 7, 0, 0, 0, 0, 0, 0, 2, 9
"/home/ermis/vs_project/GcRPC/protos/rpc_node_info.proto", "Protocol Buffers", 10, 0, 0, 0, 0, 0, 1, 2, 13
"/home/ermis/vs_project/GcRPC/protos/user.proto", "Protocol Buffers", 18, 0, 0, 0, 0, 0, 0, 4, 22
"/home/ermis/vs_project/GcRPC/src/CMakeLists.txt", "CMake", 0, 0, 0, 3, 0, 0, 0, 0, 3
"/home/ermis/vs_project/GcRPC/src/Rpc/CMakeLists.txt", "CMake", 0, 0, 0, 5, 0, 0, 0, 3, 8
"/home/ermis/vs_project/GcRPC/src/Rpc/buffer.cc", "C++", 0, 0, 94, 0, 0, 0, 11, 18, 123
"/home/ermis/vs_project/GcRPC/src/Rpc/channel.cc", "C++", 0, 0, 3, 0, 0, 0, 9, 2, 14
"/home/ermis/vs_project/GcRPC/src/Rpc/connection_pool.cc", "C++", 0, 0, 215, 0, 0, 0, 18, 53, 286
"/home/ermis/vs_project/GcRPC/src/Rpc/etcd_client.cc", "C++", 0, 0, 115, 0, 0, 0, 5, 25, 145
"/home/ermis/vs_project/GcRPC/src/Rpc/gcrpcapplication.cc", "C++", 0, 0, 44, 0, 0, 0, 3, 9, 56
"/home/ermis/vs_project/GcRPC/src/Rpc/gcrpcconfig.cc", "C++", 0, 0, 38, 0, 0, 0, 3, 7, 48
"/home/ermis/vs_project/GcRPC/src/Rpc/generic_rpc.pb.cc", "C++", 0, 0, 296, 0, 0, 0, 27, 43, 366
"/home/ermis/vs_project/GcRPC/src/Rpc/load_balancer.cc", "C++", 0, 0, 17, 0, 0, 0, 1, 3, 21
"/home/ermis/vs_project/GcRPC/src/Rpc/net_base.cc", "C++", 0, 0, 139, 0, 0, 0, 9, 27, 175
"/home/ermis/vs_project/GcRPC/src/Rpc/rpc_caller.cc", "C++", 0, 0, 50, 0, 0, 0, 2, 5, 57
"/home/ermis/vs_project/GcRPC/src/Rpc/rpc_node_info.pb.cc", "C++", 0, 0, 349, 0, 0, 0, 36, 49, 434
"/home/ermis/vs_project/GcRPC/src/Rpc/rpc_protocal.cc", "C++", 0, 0, 142, 0, 0, 0, 4, 18, 164
"/home/ermis/vs_project/GcRPC/src/Rpc/rpcprovider.cc", "C++", 0, 0, 130, 0, 0, 0, 17, 34, 181
"/home/ermis/vs_project/GcRPC/src/Rpc/service_register.cc", "C++", 0, 0, 57, 0, 0, 0, 2, 13, 72
"/home/ermis/vs_project/GcRPC/src/Rpc/service_seeker.cc", "C++", 0, 0, 116, 0, 0, 0, 9, 19, 144
"/home/ermis/vs_project/GcRPC/src/hipe/CMakeLists.txt", "CMake", 0, 0, 0, 2, 0, 0, 0, 1, 3
"/home/ermis/vs_project/GcRPC/src/hipe/dynamic_threadpool.cc", "C++", 0, 0, 62, 0, 0, 0, 5, 10, 77
"/home/ermis/vs_project/GcRPC/src/logger/CMakeLists.txt", "CMake", 0, 0, 0, 3, 0, 0, 0, 1, 4
"/home/ermis/vs_project/GcRPC/src/logger/formatter.cc", "C++", 0, 0, 109, 0, 0, 0, 3, 12, 124
"/home/ermis/vs_project/GcRPC/src/logger/logger.cc", "C++", 0, 0, 29, 0, 0, 0, 2, 5, 36
"/home/ermis/vs_project/GcRPC/src/logger/registry.cc", "C++", 0, 0, 0, 0, 0, 0, 0, 1, 1
"/home/ermis/vs_project/GcRPC/src/logger/sink.cc", "C++", 0, 0, 32, 0, 0, 0, 0, 10, 42
"Total", "-", 35, 5, 29828, 62, 3, 35, 7780, 5471, 43219